"ID","log2FoldChange","pvalue","padj","RESUB-8","RESUB-7","RESUB-6","RESUB-5","RESUB-4","RESUB-3","RESUB-2","RESUB-1","Gene.name"
"ENSMUSG00000000320",-1.77774771443641,2.84176075705988e-06,0.00111748062711443,104.93409601828,62.7224535945687,198.134647945731,134.352180648967,45.4902959499758,23.3321596979192,41.0280512099276,37.3704137021016,"Alox12"
"ENSMUSG00000001506",-2.15594864528434,0.000898411832351443,0.0476657388830904,367.269336063981,21.9150741474999,66.0448826485769,71.7304015329232,31.2745784656084,26.977809650719,37.7458071131334,18.2699800321386,"Col1a1"
"ENSMUSG00000002108",-1.73350315682413,1.80342988592922e-05,0.004305688852656,271.87470332009,72.5464523503445,79.9143080047781,151.430847680616,51.8873688179412,40.8312794713585,35.2841240405377,38.2008673399261,"Nr1h3"
"ENSMUSG00000004044",-2.73571010514194,6.13754190617048e-05,0.00988661870909631,138.322217478642,12.0910753917241,36.9851342832031,64.8989347202639,10.6617881132756,13.8534698206395,9.02617126618407,2.49136091347344,"Cavin1"
"ENSMUSG00000004359",-1.48814384348955,0.00017420365235607,0.0185011249473868,248.026045134117,71.7907601383618,73.3098197399204,176.479559327033,55.441298189033,49.5808393580782,42.6691732583247,48.1663109938198,"Spic"
"ENSMUSG00000004655",-1.98489412998429,2.96042596026563e-05,0.00608936847519254,71.5459745579183,42.3187638710343,36.3246854567173,18.2172448337583,9.95100223905721,11.6660798489596,7.38504921778697,10.7958972917182,"Aqp1"
"ENSMUSG00000004988",-2.43743507016232,0.000130083698451495,0.0153913190114733,0,58.1883003226722,99.7277727993511,93.3633797730111,9.95100223905721,10.9369498583996,9.02617126618407,18.2699800321386,"Fxyd4"
"ENSMUSG00000005125",-1.1095889378993,0.00022694847351161,0.0221481831448922,634.374307746876,215.372280415085,256.914593502964,331.326140413979,144.28953246633,177.178587706074,172.317815081696,156.955737548827,"Ndrg1"
"ENSMUSG00000005413",-2.02020149508917,8.18021340863068e-05,0.0111601482932033,2003.28728762171,480.620246821032,503.262005782156,1074.81744519174,324.118358643578,204.885527347353,271.605699009721,196.817512164402,"Hmox1"
"ENSMUSG00000006205",-2.30367266788006,2.70500428161092e-05,0.00584730666727776,186.019533850588,22.6707663594827,62.7426385161481,62.6217791160441,15.6372892328042,20.4156397356793,10.6672933145812,17.4395263943141,"Htra1"
"ENSMUSG00000006356",-1.58721936151521,0.000239349319474153,0.0225408702752693,300.493093143257,61.9667613825859,85.85834744315,159.400892295385,43.3579383273207,43.7477994335984,62.3626378390899,45.6749500803464,"Crip2"
"ENSMUSG00000006574",-2.84900585093502,0.000770260308383227,0.0438228949918457,190.789265487782,40.8073794470688,9.90673239728653,6.83146681265935,11.372573987494,7.29129990559974,4.92336614519131,9.13499001606928,"Slc4a1"
"ENSMUSG00000014846",-1.25832911599797,0.000513936122607062,0.0343566297962821,834.703036509047,280.361810645602,332.866208548828,778.787216643166,317.721285775612,271.23635648831,175.60005917849,158.616644824476,"Tppp3"
"ENSMUSG00000014905",1.23498612709037,3.72908647913492e-06,0.00132016383091703,815.624109960269,510.847935300343,796.501284741837,1460.79532010699,2149.41648363636,2484.14587783783,1969.34645807652,1835.3025395921,"Dnajb9"
"ENSMUSG00000015312",-1.44735074948495,2.60006608841814e-12,1.04433631422648e-08,1907.89265487782,1538.58934359689,2600.18702987447,2937.53072944352,975.909005301825,825.37514931389,713.067530028542,783.948234106309,"Gadd45b"
"ENSMUSG00000015850",-1.61407713844905,0.000240539290104962,0.0225408702752693,66.7762429207238,24.1821507834482,96.4255286669223,54.6517345012748,19.191218603896,18.2282497639993,22.1551476533609,19.100433669963,"Adamtsl4"
"ENSMUSG00000015854",-1.66400381059648,0.000128712018641819,0.0153874031971121,314.802288054841,90.6830654379307,69.3471267810057,177.618137129143,62.5491569312167,45.2060594147184,57.4392716938986,34.0485991508037,"Cd5l"
"ENSMUSG00000017309",-1.71653647627341,0.000272058870358547,0.0238049118821025,348.190409515202,60.4553769586204,89.8210404020646,192.419648556572,36.250079585137,63.4343091787177,63.1831988632885,41.522681891224,"Cd300lg"
"ENSMUSG00000017493",-2.18303250297907,1.08257988684541e-11,2.2308871742709e-08,844.242499783436,286.407348341464,850.65808851367,487.311299303034,177.696468554593,135.618178244155,116.519665436194,110.450333830656,"Igfbp4"
"ENSMUSG00000017740",-2.46956376585183,0.000359365151298782,0.027455497559227,152.631412390226,17.3809208756034,21.1343624475446,27.3258672506374,7.10785874218372,8.02042989615971,7.38504921778697,14.1177118430162,"Slc12a5"
"ENSMUSG00000018774",-1.03261691117882,0.000408203416961348,0.0296613026346371,1354.60378496325,439.057175161981,750.930315714319,1012.19566607569,474.804963977873,522.057073240941,381.560876252327,347.129620610633,"Cd68"
"ENSMUSG00000018927",-1.08598754576524,0.000468037234327247,0.032768557267826,3105.09529581365,1145.62939336586,1130.02794211715,2233.88964773961,900.565702634677,1188.48188461276,804.970364738779,679.311075740425,"Ccl6"
"ENSMUSG00000019122",-1.13706809860492,0.000909731543374275,0.0478862627358821,1969.89916616135,640.826995761377,582.515864960448,1668.01648009099,563.653198255169,592.782682325259,549.77588621303,493.289460867741,"Ccl9"
"ENSMUSG00000019917",-1.59224787160138,0.000322402018089191,0.0261750416964276,114.473559292669,34.006149539224,35.0037878037458,74.007557137143,23.4559338492063,22.6030297073592,17.2317815081696,16.6090727564896,"Sept10"
"ENSMUSG00000020053",-2.08444246655473,0.000601467749875485,0.0387938013926354,219.407655310949,26.4492274193964,28.3992995388881,80.8390239498023,22.7451479749879,25.5195496695991,17.2317815081696,14.1177118430162,"Igf1"
"ENSMUSG00000020057",-1.66832149616107,5.03546575377524e-05,0.00885844435894408,157.40114402742,52.1427626268101,49.5336619864327,86.5319129603518,30.56379259139,31.3525895940789,21.3345866291623,19.100433669963,"Dram1"
"ENSMUSG00000020388",-1.80425825370243,7.92277430699484e-05,0.0110740334912311,147.861680753031,45.3415327189653,73.9702685664061,60.3446235118243,30.56379259139,31.3525895940789,16.411220483971,10.7958972917182,"Pdlim4"
"ENSMUSG00000020641",-1.18635658462331,0.000213713941201656,0.0213235477154189,443.585042259094,304.54396142905,130.768867644182,273.258672506374,130.073814981962,144.367738130875,92.7233957344364,129.550767500619,"Rsad2"
"ENSMUSG00000020718",-1.5605937423038,4.45912032304598e-07,0.000252342176124555,176.480070576199,189.678745207672,459.011934407609,370.037785685715,118.701240994468,110.098628574556,90.2617126618407,91.3499001606928,"Polg2"
"ENSMUSG00000020787",-1.97220967224623,7.50112613822368e-05,0.0107764702723411,90.6249011066965,21.1593819355171,43.5896225480608,51.2360010949451,19.191218603896,8.74955988671968,9.02617126618407,12.4568045673672,"P2rx1"
"ENSMUSG00000022438",-1.30537551986653,0.000258503021800756,0.0235203681191025,147.861680753031,52.1427626268101,159.828616009556,175.340981524923,56.1520840632514,47.3934493863983,57.4392716938986,53.9794864585912,"Parvb"
"ENSMUSG00000022818",-1.86721956444576,0.000143612791595865,0.0161495101490065,66.7762429207238,27.2049196313792,38.9664807626604,60.3446235118243,9.95100223905721,19.6865097451193,16.411220483971,4.98272182694688,"Cyp2ab1"
"ENSMUSG00000022836",-2.1375557291623,0.000101931601760111,0.0131040914955066,90.6249011066965,21.9150741474999,75.9516150458634,130.936447242638,22.7451479749879,8.74955988671968,11.4878543387797,29.0658773238568,"Mylk"
"ENSMUSG00000023224",-2.67135715843984,0.000366517120561388,0.027685502270654,305.262824780451,11.3353831797413,32.3619924978027,76.2847127413628,7.81864461640209,20.4156397356793,15.5906594597725,20.761340945612,"Serping1"
"ENSMUSG00000023349",-2.05390177964788,8.93523269067788e-05,0.0119464061074363,519.900748454206,81.6147588941376,78.5934103518065,154.846581086945,66.813872176527,44.4769294241584,40.207490185729,44.0140428046974,"Clec4n"
"ENSMUSG00000023886",-2.21126210494597,0.000552196086569433,0.0363687767361247,271.87470332009,24.9378429954309,32.3619924978027,77.4232905434727,17.0588609812409,30.6234596035189,17.2317815081696,19.100433669963,"Smoc2"
"ENSMUSG00000023905",-1.29207701167167,4.45338034627677e-05,0.00804617503104329,52.4670480091401,52.8984548387929,67.3657803015484,96.7791131793408,27.0098632202981,32.0817195846388,22.9757086775595,29.8963309616813,"Tnfrsf12a"
"ENSMUSG00000023993",-2.0987610903832,0.000426946402837159,0.0306896419673807,33.3881214603619,12.0910753917241,87.8396939226073,62.6217791160441,15.6372892328042,10.2078198678396,13.9495374113754,6.64362910259584,"Treml1"
"ENSMUSG00000024140",-2.13048207892471,0.000128899712645965,0.0153874031971121,271.87470332009,27.2049196313792,65.3844338220911,122.966402627868,24.877505597643,37.9147595091186,22.1551476533609,22.422248221261,"Epas1"
"ENSMUSG00000024401",-2.1118096457354,4.52970248839889e-07,0.000252342176124555,577.137528100541,163.985210000258,248.989207585135,864.180551801408,128.652243233525,96.2451587539165,109.134616218407,93.0108074363418,"Tnf"
"ENSMUSG00000024621",-1.10896654624304,0.000477720683936605,0.0329247506800129,3777.62745665809,1016.40602511681,2273.26486076402,2263.49267059447,1088.92395930255,1450.23955122379,964.159203433298,810.522750516693,"Csf1r"
"ENSMUSG00000024913",-1.02601345466971,0.000495560139812233,0.0339776362527669,176.480070576199,86.9046043780169,148.600985959298,161.678047899605,73.9217309187107,93.3286387916766,57.4392716938986,51.4881255451178,"Lrp5"
"ENSMUSG00000025510",-1.31260351235109,3.44751890931377e-05,0.00668019243732247,305.262824780451,114.109524009396,147.940537132812,141.183647461627,53.3089405663779,82.391688933277,77.9532972988624,60.623115561187,"Cd151"
"ENSMUSG00000025855",-2.61272777934053,5.73952903804066e-05,0.00935823210226874,114.473559292669,20.4036897235344,17.8321183151158,48.9588454907254,9.24021636483884,5.10390993391982,12.3084153629783,4.1522681891224,"Prkar1b"
"ENSMUSG00000025950",-1.33781106201771,0.000338481273365635,0.0263042898163319,1235.36049403339,294.719962673275,393.627500585518,678.592370057496,238.113267863155,344.878485534867,237.96269701758,197.647965802226,"Idh1"
"ENSMUSG00000025993",-1.67644747087149,3.70982601900342e-06,0.00132016383091703,1097.03827655475,344.595648664136,291.91838130671,522.60721116844,221.054406881914,175.720327724954,167.394448936505,132.042128414092,"Slc40a1"
"ENSMUSG00000026200",-1.85932940517293,9.30854101766742e-05,0.0123222963768528,38.1578530975564,58.1883003226722,192.851057333845,190.142492952352,23.4559338492063,41.5604094619185,36.9252460889348,33.2181455129792,"Glb1l"
"ENSMUSG00000026208",-2.62025410316238,0.000255470985500009,0.0235203681191025,205.098460399366,9.06830654379307,30.3806460183454,84.254757356132,15.6372892328042,17.4991197734394,9.02617126618407,9.13499001606928,"Des"
"ENSMUSG00000026317",-1.02017861026575,0.000984402105947249,0.0496658722887348,686.841355756016,240.310123410516,286.634790694824,425.8280979891,245.221126605338,206.343787328473,198.57576785605,143.668479343635,"Cln8"
"ENSMUSG00000026390",-3.08515774995991,0.000606425167618608,0.0387938013926354,958.716059076105,62.7224535945687,110.955402849609,151.430847680616,53.3089405663779,48.8517093675182,28.7196358469493,19.100433669963,"Marco"
"ENSMUSG00000026579",-1.56289481319371,3.58657832630853e-05,0.00675388059475283,124.013022567058,43.8301482949998,105.671812237723,75.1461349392529,31.9853643398267,24.7904196790391,37.7458071131334,19.9308873077875,"F5"
"ENSMUSG00000026938",-1.87109517626375,2.90757004205652e-05,0.00607409554098369,939.637132527327,173.809208756034,205.399585037074,405.333697551122,166.323894567099,99.8908087067164,93.5439567586349,104.637158365885,"Fcna"
"ENSMUSG00000027078",-1.05273684532538,0.000698975309028497,0.0417200887576384,858.55169469502,508.580858664394,249.649656411621,450.876809635517,261.569201712361,298.943296129589,225.654281654602,196.817512164402,"Ube2l6"
"ENSMUSG00000027488",-1.64316528493362,0.000592492183657182,0.0384544684247404,66.7762429207238,24.1821507834482,27.7388507124023,63.760356918154,14.9265033585858,18.2282497639993,8.20561024198552,14.1177118430162,"Snta1"
"ENSMUSG00000027994",-1.19118940600268,0.000623329610360245,0.0394972364479454,405.427189161537,121.666446129224,140.015151214983,275.535828110594,110.882596378066,103.536458659516,88.6205906134436,98.8239829011131,"Mcub"
"ENSMUSG00000028158",1.15520300239043,0.000956864396029255,0.0487093719948426,23.8486581859728,158.695364516379,91.1419380550361,126.382136034198,186.225899045213,229.675947026392,242.065502138573,276.541061395552,"Mttp"
"ENSMUSG00000028369",-2.90763824909642,0.000174356151336629,0.0185011249473868,100.164364381086,5.28984548387929,26.4179530594308,25.0487116464176,4.26471524531023,3.64564995279987,8.20561024198552,3.32181455129792,"Svep1"
"ENSMUSG00000028494",-1.07303636512959,0.00032700388776876,0.0261750416964276,1106.57773982914,347.618417512067,584.497211439906,872.150596416177,340.4664337506,418.520614581425,308.530945098655,303.94603144376,"Plin2"
"ENSMUSG00000028497",-1.47083699045026,1.3763690202281e-05,0.00347208562272636,386.348262612759,143.581520276724,138.694253562011,276.674405912704,74.6325167929291,110.098628574556,76.3121752504653,71.4190128529053,"Hacd4"
"ENSMUSG00000028680",-1.33993981017474,1.14169755690216e-05,0.00303912318929783,367.269336063981,214.616588203103,373.814035790945,502.112810730462,217.500477510822,94.7868987727966,129.648641823371,132.872582051917,"Plk3"
"ENSMUSG00000029372",-1.71901109112447,3.69108775091309e-06,0.00132016383091703,147.861680753031,105.796909677586,403.534232982805,299.445961954902,76.0540885413658,69.9964790937575,72.2093701294726,75.5712810420277,"Ppbp"
"ENSMUSG00000029761",-2.38359440664678,6.07187170180687e-06,0.00193287915840852,176.480070576199,21.9150741474999,93.7837333609792,70.5918237308133,19.191218603896,14.5825998111995,12.3084153629783,20.761340945612,"Cald1"
"ENSMUSG00000030148",-1.27634688044735,0.000286526253645483,0.0244003567594911,324.34175132923,115.620908433362,123.503930552839,319.94036239288,92.4021636483884,91.1412488199967,93.5439567586349,80.5540028689746,"Clec4a2"
"ENSMUSG00000030159",-1.69773964583784,3.26918159514909e-05,0.00642778793046226,176.480070576199,39.2959950231033,123.503930552839,95.6405353772309,28.4314349687349,40.1021494807985,31.181318919545,29.8963309616813,"Clec1b"
"ENSMUSG00000030187",-1.53060949230392,0.000278425328646451,0.0240221449182475,739.308403765156,193.457206267585,202.097340904645,400.779386342682,135.049316101491,207.072917319032,102.570128024819,78.8930955933256,"Klra2"
"ENSMUSG00000030401",-5.03408586414178,3.19526823127808e-09,3.88370329565345e-06,152.631412390226,39.2959950231033,355.98191747583,589.783301492924,3.55392937109186,6.56216991503976,9.02617126618407,15.7786191186651,"Rtn2"
"ENSMUSG00000030409",-1.56636455632339,0.000383687233222232,0.0281862544405563,90.6249011066965,43.0744560830171,25.0970554064592,60.3446235118243,12.7941457359307,19.6865097451193,22.1551476533609,14.9481654808406,"Dmpk"
"ENSMUSG00000030708",-1.49305987288009,2.2414981988742e-05,0.00499480515315802,109.703827655475,120.155061705258,252.95190054405,310.831739976001,55.441298189033,70.7256090843174,64.003759887487,96.3326219876397,"Dnajb13"
"ENSMUSG00000030769",-1.67070149171907,0.00074632749453198,0.043384341747359,42.927584734751,18.1366130875861,35.6642366302315,29.6030228548572,4.26471524531023,10.9369498583996,9.84673229038262,13.2872582051917,"Slc5a11"
"ENSMUSG00000030786",-1.04415684957697,3.23820321350152e-05,0.00642778793046226,581.907259737736,277.339041797671,406.836477115234,579.536101273935,240.956411360028,245.716806818711,233.039330872389,166.090727564896,"Itgam"
"ENSMUSG00000031451",-2.86012000078637,0.000324146152844185,0.0261750416964276,214.637923673755,12.0910753917241,36.3246854567173,25.0487116464176,7.10785874218372,18.2282497639993,3.28224409679421,9.13499001606928,"Gas6"
"ENSMUSG00000031574",-1.59176673870868,0.000690076391868561,0.041630784907847,124.013022567058,34.006149539224,55.4777014248046,133.213602846857,37.6716513335737,32.0817195846388,26.2579527743537,15.7786191186651,"Star"
"ENSMUSG00000031613",-1.12546275520682,3.0664654350277e-05,0.00621191558580612,500.821821905428,244.08858447043,351.358775690429,614.832013139342,194.755329535834,221.655517130232,200.216889904447,161.938459375774,"Hpgd"
"ENSMUSG00000031722",-1.18346798545535,0.000932217869699571,0.0484485596662833,2256.08306439302,748.890982074911,558.079258380475,1025.85859970101,515.31975880832,655.487861513416,404.536584929886,431.005438030905,"Hp"
"ENSMUSG00000032085",-2.72488424636229,0.000156347950667897,0.0171341975445065,62.0065112835292,10.5796909677586,23.1157089270019,74.007557137143,7.81864461640209,8.74955988671968,0.820561024198552,7.47408274042032,"Tagln"
"ENSMUSG00000032193",-1.0273017692536,5.46904283375566e-05,0.00902729662806336,815.624109960269,378.60179820336,365.888649873116,656.959391817408,279.33884856782,267.59070653551,281.452431300103,244.153369520397,"Ldlr"
"ENSMUSG00000032514",-5.10141190038448,1.56919253012001e-08,1.49857886626461e-05,9.53946327438911,26.4492274193964,103.690465758266,109.30346900255,4.26471524531023,2.91651996223989,0,0,"Ttc21a"
"ENSMUSG00000032548",-2.68780571466059,0.000694365372808517,0.041630784907847,186.019533850588,5.28984548387929,35.0037878037458,53.5131566991649,3.55392937109186,17.4991197734394,10.6672933145812,9.96544365389376,"Slco2a1"
"ENSMUSG00000032554",-1.07276227840784,0.000569466641162225,0.0373223970212694,672.532160844432,196.479975115516,359.944610434744,497.558499522023,205.41711764911,233.321596979192,202.678572977042,167.751634840545,"Trf"
"ENSMUSG00000032766",-1.77813910041882,5.23092859310407e-06,0.00174843788224503,143.091949115837,55.1655314747411,213.985419781389,210.63689339033,37.6716513335737,43.7477994335984,47.592539403516,53.1490328207667,"Gng11"
"ENSMUSG00000032802",-1.78420590085448,0.00044561727307493,0.0315232959841895,157.40114402742,40.8073794470688,58.7799455572334,39.8502230738462,31.2745784656084,16.0408597923194,22.9757086775595,10.7958972917182,"Srxn1"
"ENSMUSG00000032826",-3.44559317794972,8.03391045283624e-05,0.0110740334912311,128.782754204253,6.8012299078448,8.585834744315,35.2959118654067,4.9755011195286,2.18738997167992,2.46168307259566,5.81317546477136,"Ank2"
"ENSMUSG00000032915",-1.17498477037974,0.000218726175345162,0.0216619923286283,591.446723012125,492.711322212756,571.28823491019,578.397523471825,380.270442706829,327.379365761428,157.547716646122,122.076684760199,"Adgre4"
"ENSMUSG00000033763",-2.43258314375771,0.000502401063636691,0.0340809053176089,209.86819203656,22.6707663594827,25.0970554064592,30.7416006569671,10.6617881132756,18.9573797545593,7.38504921778697,13.2872582051917,"Mtss1l"
"ENSMUSG00000034156",-1.55606754260358,0.000728814599269119,0.0429216031804335,95.3946327438911,43.8301482949998,62.7426385161481,62.6217791160441,36.250079585137,7.29129990559974,25.4373917501551,18.2699800321386,"Tspoap1"
"ENSMUSG00000034201",-1.20057903520491,0.000684332620881293,0.041630784907847,219.407655310949,64.989530230517,154.54502539767,153.708003284835,78.1864461640209,72.1838690654374,55.7981496455015,44.8444964425219,"Gas2l1"
"ENSMUSG00000034664",-1.62639701066426,0.00015949673272865,0.0171973493272746,104.93409601828,121.666446129224,518.452328791329,286.921606131693,103.774737635882,72.9129990559974,86.9794685650465,74.7408274042032,"Itga2b"
"ENSMUSG00000036905",-1.51855701806838,0.000337246539003706,0.0263042898163319,739.308403765156,147.359981336637,165.772655447928,316.52462898655,132.916958478836,116.660798489596,108.314055194209,110.450333830656,"C1qb"
"ENSMUSG00000037060",-2.48113645489486,0.000657610991152452,0.0403314630812306,71.5459745579183,8.31261433181031,12.5485277032296,47.8202676886155,8.52943049062046,5.83303992447979,6.56448819358841,2.49136091347344,"Cavin3"
"ENSMUSG00000038507",-1.58181048189731,0.000721000565617397,0.0426647815961456,419.736384073121,102.018448617672,115.57854463501,210.63689339033,97.377664767917,98.4325487255964,46.7719783793175,34.0485991508037,"Parp12"
"ENSMUSG00000038894",1.83454492533147,6.17500154508097e-10,9.17330785085918e-07,295.723361506062,337.794418756292,698.754858421944,835.716106748661,1968.87687158489,1550.1303599305,2314.80264926411,1963.19239981707,"Irs2"
"ENSMUSG00000039208",-1.48061357511636,6.9195742805775e-05,0.0105130350149229,868.091157969409,213.86089599112,392.967051759033,531.71583358532,205.41711764911,247.904196790391,141.136496162151,116.263509295427,"Metrnl"
"ENSMUSG00000040435",1.16412327117704,8.2405459373089e-09,9.181341598485e-06,2818.91139758198,1893.0089910168,3374.89350334228,3893.93608321583,5994.05727728353,7414.52287400437,6428.27506357146,7018.99414689251,"Ppp1r15a"
"ENSMUSG00000040616",-1.32543026216813,0.000906769595593129,0.0478862627358821,515.131016817012,155.672595668448,195.492852639788,324.494673601319,183.38275554834,132.701658281915,86.9794685650465,63.944930112485,"Tmem51"
"ENSMUSG00000042770",-2.29961397410869,2.71804971269636e-05,0.00584730666727776,472.203432082261,83.8818355300859,66.7053314750627,223.161249213539,63.9707286796535,50.3099693486382,22.1551476533609,31.5572382373302,"Hebp1"
"ENSMUSG00000043017",-1.38693478782235,0.000468122246683228,0.032768557267826,166.940607301809,49.1199937788791,84.5374497901784,127.520713836308,32.6961502140451,56.8721392636779,41.0280512099276,27.4049700482078,"Ptgir"
"ENSMUSG00000043832",-1.42022122048173,3.954554773016e-05,0.0072427941527704,686.841355756016,241.065815622499,344.093838599086,511.221433147342,190.490614290524,242.071156865911,126.366397726577,99.6544365389376,"Clec4a3"
"ENSMUSG00000044080",-1.3961887155382,1.45136113572996e-05,0.0035934626638351,190.789265487782,75.5692211982755,103.690465758266,153.708003284835,57.5736558116881,50.3099693486382,49.2336614519131,34.8790527886282,"S100a1"
"ENSMUSG00000044678",1.62661752003898,1.38274215416032e-16,1.84872626011235e-12,66.7762429207238,64.2338380185342,80.5747568312638,59.2060457097144,189.779828416305,203.427267366233,211.704744243226,240.001101331275,"Ly6k"
"ENSMUSG00000045954",-2.15458524850775,4.38700562141975e-07,0.000252342176124555,81.0854378323074,37.028918387155,52.8359061188615,87.6704907624617,9.95100223905721,22.6030297073592,12.3084153629783,11.6263509295427,"Cavin2"
"ENSMUSG00000046768",-3.39764054534154,2.75527539295811e-05,0.00584730666727776,52.4670480091401,9.06830654379307,16.5112206621442,26.1872894485275,3.55392937109186,1.45825998111995,4.10280512099276,0,"Rhoj"
"ENSMUSG00000046908",-1.15965628282582,0.000527783555655844,0.035106796712033,367.269336063981,121.666446129224,145.298741826869,261.872894485275,104.485523510101,116.660798489596,91.9028347102378,77.2321883176767,"Ltb4r1"
"ENSMUSG00000047250",-1.31369787930245,0.000949132265968513,0.0486203003678123,124.013022567058,33.2504573272412,56.1381502512904,88.8090685645716,31.2745784656084,27.706939641279,28.7196358469493,27.4049700482078,"Ptgs1"
"ENSMUSG00000048621",1.02254231870305,1.16800375616278e-11,2.2308871742709e-08,367.269336063981,309.83380691293,279.36985360348,393.947919530023,728.555521073831,713.089130767654,657.26938038304,611.213877438817,"Gm6377"
"ENSMUSG00000049037",-1.18171320939447,0.00043678750567596,0.0312291387747999,624.834844472487,208.57105050724,379.097626402831,485.034143698814,204.706331774891,270.50722649775,144.418740258945,120.41577748455,"Clec4a1"
"ENSMUSG00000049323",1.20236946483901,4.37536181905659e-08,3.44109338357568e-05,233.716850222533,381.624567051291,492.694824558384,471.371210073495,1026.37480237133,1071.82108612316,878.820856916649,724.155572182947,"Smcr8"
"ENSMUSG00000049625",-1.00693442144828,0.00033896287370481,0.0263042898163319,1449.99841770714,541.831315991636,606.952471540422,860.764818395078,407.280305927127,505.287083458062,440.641269994622,350.451435161931,"Tifab"
"ENSMUSG00000049892",1.90544920611739,2.25704767380814e-09,3.01767273988149e-06,14.3091949115837,28.7163040553447,47.5523155069754,29.6030228548572,105.196309384319,100.619938697276,132.930885920165,153.633922997529,"Rasd1"
"ENSMUSG00000052767",-3.56600636887216,7.52876170047786e-05,0.0107764702723411,0,24.9378429954309,38.3060319361746,21.632978240088,2.84314349687349,1.45825998111995,3.28224409679421,0,"Gm12703"
"ENSMUSG00000054385",1.26442756519011,0.000114179237571954,0.0141349667253429,52.4670480091401,27.9606118433619,40.2873784156319,46.6816898865056,59.7060134343433,99.1616787161564,129.648641823371,97.9935292632887,"Ceacam2"
"ENSMUSG00000054679",-3.83414709537896,5.32593136320564e-05,0.00902729662806336,0,9.82399875577582,58.1194967307477,26.1872894485275,2.13235762265512,0.729129990559974,1.6411220483971,2.49136091347344,"Srsf12"
"ENSMUSG00000055546",-2.34622453706699,0.000178168621890693,0.0186102693334263,257.565508408506,30.2276884793102,32.3619924978027,85.3933351582419,29.1422208429533,10.9369498583996,17.2317815081696,19.100433669963,"Timd4"
"ENSMUSG00000056025",-2.41018833600824,0.000258914081324519,0.0235203681191025,372.039067701175,17.3809208756034,65.3844338220911,93.3633797730111,27.0098632202981,28.436069631839,27.8990748227508,16.6090727564896,"Clca3a1"
"ENSMUSG00000056185",-1.58423181065901,6.98956997626748e-08,5.19169725459424e-05,62.0065112835292,77.8362978342238,91.1419380550361,62.6217791160441,27.0098632202981,19.6865097451193,23.796269701758,29.8963309616813,"Snx32"
"ENSMUSG00000058135",-1.01659960008495,0.000721184789882491,0.0426647815961456,286.183898231673,102.774140829655,139.354702388497,195.835381962901,84.5835190319863,72.9129990559974,96.0056398312306,92.1803537985173,"Gstm1"
"ENSMUSG00000058427",2.37548628540763,0.000183581387702409,0.0188806396429323,42.927584734751,9.82399875577582,21.7948112740304,4.55431120843957,183.38275554834,92.5995088011166,54.977588621303,34.0485991508037,"Cxcl2"
"ENSMUSG00000058624",-1.04748400437865,0.000958161822713673,0.0487093719948426,620.065112835292,259.202428710085,228.515293964076,342.711918435078,191.201400164742,229.675947026392,136.21313001696,130.381221138443,"Gda"
"ENSMUSG00000058715",-1.02312902316663,0.000830090302188005,0.0455255402151683,2661.51025355456,864.511890508272,1163.05038344144,1953.79950842057,966.668788936986,954.431157643005,710.605846955946,622.84022836836,"Fcer1g"
"ENSMUSG00000058794",-1.1799343449976,2.22007241070751e-05,0.00499480515315802,538.979675002985,243.332892258447,274.74671181808,396.225075134242,168.456252189754,191.032057526713,105.031811097415,165.260273927072,"Nfe2"
"ENSMUSG00000059108",-1.04882571016904,0.000639576770661397,0.0395671420774244,772.696525225518,334.015957696378,307.108704315883,718.442593131342,269.387846328763,314.984155921909,233.859891896587,201.800233991349,"Ifitm6"
"ENSMUSG00000059498",-1.18979343714181,0.000630114685153753,0.039552269204252,877.630621243798,316.635036820775,438.538020786551,841.40899575921,313.456570530302,390.813674940146,200.216889904447,172.734356667492,"Fcgr3"
"ENSMUSG00000060591",-1.18142289078293,0.000261367556269591,0.0235203681191025,2260.85279603022,680.878682996463,900.852199326589,1574.65310031798,608.432708330927,783.814739851972,499.721663736918,484.154470851672,"Ifitm2"
"ENSMUSG00000060703",-1.19374085842773,0.000377100775187468,0.0278554550511406,290.953629868868,122.422138341206,132.75021412364,282.367294923253,117.279669246031,94.0577687822366,79.5944193472595,63.944930112485,"Cd302"
"ENSMUSG00000061410",-2.21141116747154,1.97793684749855e-05,0.00463947643000975,14.3091949115837,107.308294101551,239.742924014334,161.678047899605,24.1667197234246,31.3525895940789,27.8990748227508,32.3876918751547,"Zcchc14"
"ENSMUSG00000061751",-2.01306663464543,6.4458996316448e-05,0.0101390209500107,76.3157061951129,22.6707663594827,22.4552601005161,46.6816898865056,10.6617881132756,9.47868987727966,7.38504921778697,10.7958972917182,"Kalrn"
"ENSMUSG00000062184",-2.46455890680164,0.000372355635883509,0.0277244883981536,200.328728762171,10.5796909677586,32.3619924978027,54.6517345012748,9.95100223905721,11.6660798489596,16.411220483971,13.2872582051917,"Hs6st2"
"ENSMUSG00000067818",-1.79259086042442,7.41355108072457e-06,0.00220264839887306,114.473559292669,46.0972249309481,186.246569068987,158.262314493275,30.56379259139,34.9982395468787,37.7458071131334,43.183589166873,"Myl9"
"ENSMUSG00000069270",-1.66528921168656,1.25261702137604e-06,0.000598124627707057,95.3946327438911,303.032577005085,279.36985360348,152.569425482726,54.0197264405963,54.684749291998,74.6710532020682,84.706271058097,"Hist1h2ac"
"ENSMUSG00000069439",-2.68800523303883,7.32226036269467e-05,0.0107764702723411,0,36.2732261751723,34.34333897726,26.1872894485275,3.55392937109186,2.91651996223989,5.74392716938986,4.1522681891224,"Gm8444"
"ENSMUSG00000069792",-1.40323578870238,5.46744262589164e-05,0.00902729662806336,572.367796463347,227.463355806809,168.414450753871,495.281343917803,155.662106453823,142.909478149755,128.007519774974,118.754870208901,"Wfdc17"
"ENSMUSG00000070436",-2.22119822687397,0.000386665077764765,0.0282497928399722,395.887725887148,37.028918387155,70.0075756074915,64.8989347202639,40.5147948304472,34.9982395468787,25.4373917501551,16.6090727564896,"Serpinh1"
"ENSMUSG00000073412",-1.30418037308861,0.00047774133372644,0.0329247506800129,529.440211728596,148.11567354862,171.056246059814,293.753072944352,104.485523510101,153.846428008154,111.596299291003,82.2149101446235,"Lst1"
"ENSMUSG00000073489",-1.28930103341136,0.000692549109722999,0.041630784907847,605.755917923708,181.366130875861,202.757789731131,503.251388532572,142.867960717893,215.822477205752,132.930885920165,111.28078746848,"Ifi204"
"ENSMUSG00000076555",-1.14834079863743,0.000838529702897923,0.0455255402151683,104.93409601828,146.604289124655,270.12357003268,382.562141508924,102.353165887446,90.4121188294367,108.314055194209,113.772148381954,"Igkv4-57-1"
"ENSMUSG00000077734",-2.36277062667808,0.000236578675326476,0.0225408702752693,4.76973163719455,21.1593819355171,31.7015436713169,45.5431120843957,8.52943049062046,4.37477994335984,2.46168307259566,5.81317546477136,"Snord83b"
"ENSMUSG00000078783",-1.35209678198843,0.000776609325515106,0.0439968927209193,519.900748454206,144.337212488706,182.283876110072,514.637166553671,146.421890088985,172.803807762714,118.98134850879,88.8585392472194,"Gm9733"
"ENSMUSG00000078810",-2.61103635888225,6.62758853113559e-05,0.0101851561679635,66.7762429207238,9.06830654379307,31.0410948448311,31.880178459077,9.24021636483884,4.37477994335984,3.28224409679421,4.1522681891224,"Gp6"
"ENSMUSG00000079018",-2.39341205396012,9.26406213190678e-08,6.51897424755756e-05,147.861680753031,45.3415327189653,121.522584073381,48.9588454907254,17.7696468554593,13.8534698206395,22.1551476533609,13.2872582051917,"Ly6c1"
"ENSMUSG00000079138",1.23644671611982,0.000801777480707381,0.0448656861704828,23.8486581859728,39.2959950231033,33.0224413242885,15.9400892295385,49.0442253210677,59.0595292353579,78.773858323061,87.1976319715704,"Gm8818"
"ENSMUSG00000081255",-3.49787086980721,0.000193276151313556,0.019725970557727,0,19.6479975115516,36.3246854567173,17.0786670316484,2.13235762265512,1.45825998111995,0,3.32181455129792,"Gm5380"
"ENSMUSG00000082610",-5.98907226085158,2.53611646826317e-07,0.000169539385903393,0,32.4947651152585,72.6493709134346,33.0187562611869,0.710785874218372,1.45825998111995,0,0,"Gm13829"
"ENSMUSG00000083282",-2.1429596652057,0.00087841669553805,0.0469777248773749,66.7762429207238,12.0910753917241,15.8507718356585,28.4644450527473,9.95100223905721,3.64564995279987,6.56448819358841,4.98272182694688,"Ctsf"
"ENSMUSG00000085078",2.66519023881031,1.36260507518781e-06,0.000628207926043484,4.76973163719455,37.028918387155,13.8694253562011,4.55431120843957,60.4167993085616,96.2451587539165,136.21313001696,128.720313862794,"C030013C21Rik"
"ENSMUSG00000087020",2.30627194311662,6.79110328666032e-07,0.000336285373861661,0,43.8301482949998,19.1530159680873,20.4944004379781,77.4756602898025,98.4325487255964,119.801909532989,171.073449391843,"Gm16283"
"ENSMUSG00000087277",1.99734761342802,0.000139862427127426,0.0161203504370145,0,18.1366130875861,11.2276300502581,33.0187562611869,85.2943049062046,101.349068687836,41.0280512099276,48.1663109938198,"2010013B24Rik"
"ENSMUSG00000087485",3.144591637159,6.37314015844278e-07,0.000327726476609154,4.76973163719455,10.5796909677586,6.60448826485769,1.13857780210989,27.7206490945165,32.0817195846388,65.6448819358841,93.0108074363418,"Gm13383"
"ENSMUSG00000088030",-1.65276870864452,3.50299787636986e-05,0.00669072594386644,62.0065112835292,249.378429954309,239.082475187848,159.400892295385,41.2255807046656,51.0390993391982,45.1308563309204,93.8412610741663,"Gm24991"
"ENSMUSG00000093105",-2.31254754748429,0.000639970455218036,0.0395671420774244,19.0789265487782,15.1138442396551,35.6642366302315,48.9588454907254,5.68628699374698,0.729129990559974,7.38504921778697,10.7958972917182,"Gm25535"
"ENSMUSG00000095969",2.33374218857681,0.000471908890745177,0.0328615722357449,0,6.8012299078448,3.30224413242884,3.41573340632968,30.56379259139,11.6660798489596,18.0523425323681,22.422248221261,"Rnu1a1"
"ENSMUSG00000096715",-1.27098395080653,4.84370880690246e-05,0.00863471823310479,1683.71526792968,1488.71365760603,694.792165463029,573.843212263386,383.824372077921,417.791484590865,480.848760180351,549.760308239806,"Igkv3-4"
"ENSMUSG00000097120",1.32642713458506,9.08387140093266e-06,0.00253023667980145,38.1578530975564,27.9606118433619,27.0784018859165,31.880178459077,61.12758518278,62.7051791881577,79.5944193472595,97.1630756254642,"Gm26887"
"ENSMUSG00000097261",1.91937006663558,5.97045641814794e-06,0.00193287915840852,19.0789265487782,16.6252286636206,15.8507718356585,13.6629336253187,37.6716513335737,40.1021494807985,90.2617126618407,73.0799201285542,"4930532G15Rik"
"ENSMUSG00000097266",-4.50813174383231,7.01696638031158e-06,0.00218178698848293,0,9.06830654379307,40.2873784156319,68.3146681265935,2.13235762265512,0.729129990559974,0.820561024198552,1.66090727564896,"Gm26802"
"ENSMUSG00000097347",-1.37176954946843,1.62885341633832e-05,0.00395959457753515,214.637923673755,462.483633733446,647.239849956054,820.914595321232,189.069042542087,192.490317507833,197.755206831851,258.271081363413,"Gm17275"
"ENSMUSG00000097445",-1.81040527798338,0.000753302754812381,0.0434123182406962,9.53946327438911,39.2959950231033,35.0037878037458,74.007557137143,6.39707286796535,15.3117298017594,10.6672933145812,14.9481654808406,"Gm26631"
"ENSMUSG00000097569",-2.81090620972758,9.72882394706976e-05,0.0126285802109051,28.6183898231673,259.202428710085,134.731560603097,22.7715560421978,9.95100223905721,5.83303992447979,13.9495374113754,34.8790527886282,"Gm26640"
"ENSMUSG00000097576",2.52998770116426,7.57657595811562e-05,0.0107764702723411,0,5.28984548387929,1.32089765297154,6.83146681265935,24.877505597643,24.7904196790391,21.3345866291623,18.2699800321386,"D930030I03Rik"
"ENSMUSG00000100826",-2.25628623764207,0.000411104933211531,0.0297106646326388,33.3881214603619,18.1366130875861,15.1903230091727,43.2659564801759,7.81864461640209,1.45825998111995,9.02617126618407,4.1522681891224,"Snhg14"
"ENSMUSG00000101389",-1.0677394339732,0.000328901047494378,0.0261750416964276,281.414166594479,160.962441152327,168.414450753871,341.573340632968,112.304168126503,142.180348159195,117.340226460393,77.2321883176767,"Ms4a4a"
"ENSMUSG00000104351",1.43583144403386,0.000125522594395691,0.015256700791549,23.8486581859728,17.3809208756034,16.5112206621442,12.5243558232088,36.250079585137,35.7273695374387,50.0542224761117,57.3013010098891,"Gm37125"
"ENSMUSG00000105167",-2.32788197619992,0.000138733323871967,0.0161203504370145,33.3881214603619,18.8923052995689,29.0597483653738,27.3258672506374,2.84314349687349,3.64564995279987,2.46168307259566,12.4568045673672,"Snord43"
"ENSMUSG00000105789",2.35982903283163,1.15927660923103e-05,0.00303912318929783,0,11.3353831797413,4.62314178540038,5.69288901054946,32.6961502140451,24.7904196790391,33.6430019921406,43.183589166873,"Gm42997"
"ENSMUSG00000106518",2.98690764213764,2.51193974779264e-06,0.0010177161947875,9.53946327438911,4.53415327189653,1.98134647945731,2.27715560421978,17.7696468554593,32.0817195846388,24.6168307259566,37.3704137021016,"Gm42759"
"ENSMUSG00000107798",2.10984136077586,0.000877430535845585,0.0469777248773749,9.53946327438911,12.0910753917241,3.96269295891461,2.27715560421978,16.3480751070226,23.3321596979192,27.8990748227508,47.3358573559954,"Gm44064"
"ENSMUSG00000108080",1.41689513016943,0.000736666845978508,0.0430097630162998,14.3091949115837,16.6252286636206,10.5671812237723,13.6629336253187,27.7206490945165,27.706939641279,48.4131004277146,42.3531355290485,"Gm10209"
"ENSMUSG00000109684",2.09345920314312,5.62986580292152e-11,9.40891322313259e-08,28.6183898231673,54.4098392627584,48.8732131599469,27.3258672506374,126.51988561087,145.825998111995,202.678572977042,239.17064769345,"Gm45745"
"ENSMUSG00000110030",1.31453096607282,8.28227351518611e-05,0.0111852522119231,33.3881214603619,26.4492274193964,20.4739136210588,25.0487116464176,75.3433026671474,75.8295190182372,51.6953445245088,45.6749500803464,"Gm45546"
"ENSMUSG00000110982",-2.88499713758549,6.39647449920357e-05,0.0101390209500107,76.3157061951129,60.4553769586204,62.0821896896623,101.33342438778,2.13235762265512,0.729129990559974,10.6672933145812,27.4049700482078,"Gm48565"
"ENSMUSG00000111213",-3.26428529659009,9.38933787940238e-09,9.65657288058537e-06,47.6973163719455,26.4492274193964,49.5336619864327,78.5618683455826,5.68628699374698,1.45825998111995,4.10280512099276,9.96544365389376,"Gm47867"
